<?xml version="1.0" encoding="UTF-8"?>
<project-private xmlns="http://www.netbeans.org/ns/project-private/1">
    <editor-bookmarks xmlns="http://www.netbeans.org/ns/editor-bookmarks/2" lastBookmarkId="0"/>
    <open-files xmlns="http://www.netbeans.org/ns/projectui-open-files/2">
        <group>
            <file>file:/C:/Users/sourabh/Downloads/chatting-application-master/chatting-application-master/Group%20Chatting%20Application/src/group/chatting/application/Server.java</file>
            <file>file:/C:/Users/sourabh/Downloads/chatting-application-master/chatting-application-master/Group%20Chatting%20Application/src/group/chatting/application/UserOne.java</file>
            <file>file:/C:/Users/sourabh/Downloads/chatting-application-master/chatting-application-master/Group%20Chatting%20Application/src/group/chatting/application/UserTwo.java</file>
            <file>file:/C:/Users/sourabh/Downloads/chatting-application-master/chatting-application-master/Group%20Chatting%20Application/src/group/chatting/application/UserThird.java</file>
        </group>
    </open-files>
</project-private>
